store_id,model,configuration,season_length,order,lead_time_days,service_level,z_value,mean_daily_demand,std_daily_demand,expected_lead_time_demand,safety_stock,reorder_point
1,feature_gbm,"HistGradientBoostingRegressor(learning_rate=0.1, max_iter=200, max_depth=3, min_samples_leaf=5, l2_regularization=1.0, early_stopping=False, random_state=0)",,,7,0.9,1.2815515655446004,29711.253351503758,5255.513309107013,207978.7734605263,17819.694151154123,225798.46761168045
1,feature_gbm,"HistGradientBoostingRegressor(learning_rate=0.1, max_iter=200, max_depth=3, min_samples_leaf=5, l2_regularization=1.0, early_stopping=False, random_state=0)",,,7,0.95,1.6448536269514722,29711.253351503758,5255.513309107013,207978.7734605263,22871.329834657143,230850.10329518345
1,feature_gbm,"HistGradientBoostingRegressor(learning_rate=0.1, max_iter=200, max_depth=3, min_samples_leaf=5, l2_regularization=1.0, early_stopping=False, random_state=0)",,,7,0.99,2.3263478740408408,29711.253351503758,5255.513309107013,207978.7734605263,32347.358248498575,240326.1317090249
1,feature_gbm,"HistGradientBoostingRegressor(learning_rate=0.1, max_iter=200, max_depth=3, min_samples_leaf=5, l2_regularization=1.0, early_stopping=False, random_state=0)",,,14,0.9,1.2815515655446004,29711.253351503758,5255.513309107013,415957.5469210526,25200.853145902674,441158.4000669553
1,feature_gbm,"HistGradientBoostingRegressor(learning_rate=0.1, max_iter=200, max_depth=3, min_samples_leaf=5, l2_regularization=1.0, early_stopping=False, random_state=0)",,,14,0.95,1.6448536269514722,29711.253351503758,5255.513309107013,415957.5469210526,32344.944841680528,448302.49176273315
1,feature_gbm,"HistGradientBoostingRegressor(learning_rate=0.1, max_iter=200, max_depth=3, min_samples_leaf=5, l2_regularization=1.0, early_stopping=False, random_state=0)",,,14,0.99,2.3263478740408408,29711.253351503758,5255.513309107013,415957.5469210526,45746.07274196789,461703.6196630205
1,feature_gbm,"HistGradientBoostingRegressor(learning_rate=0.1, max_iter=200, max_depth=3, min_samples_leaf=5, l2_regularization=1.0, early_stopping=False, random_state=0)",,,28,0.9,1.2815515655446004,29711.253351503758,5255.513309107013,831915.0938421052,35639.388302308245,867554.4821444135
1,feature_gbm,"HistGradientBoostingRegressor(learning_rate=0.1, max_iter=200, max_depth=3, min_samples_leaf=5, l2_regularization=1.0, early_stopping=False, random_state=0)",,,28,0.95,1.6448536269514722,29711.253351503758,5255.513309107013,831915.0938421052,45742.659669314286,877657.7535114195
1,feature_gbm,"HistGradientBoostingRegressor(learning_rate=0.1, max_iter=200, max_depth=3, min_samples_leaf=5, l2_regularization=1.0, early_stopping=False, random_state=0)",,,28,0.99,2.3263478740408408,29711.253351503758,5255.513309107013,831915.0938421052,64694.71649699715,896609.8103391024
2,feature_gbm,"HistGradientBoostingRegressor(learning_rate=0.1, max_iter=200, max_depth=3, min_samples_leaf=5, l2_regularization=1.0, early_stopping=False, random_state=0)",,,7,0.9,1.2815515655446004,6355.192285714286,1018.3558819493936,44486.346000000005,3452.9054130490645,47939.25141304907
2,feature_gbm,"HistGradientBoostingRegressor(learning_rate=0.1, max_iter=200, max_depth=3, min_samples_leaf=5, l2_regularization=1.0, early_stopping=False, random_state=0)",,,7,0.95,1.6448536269514722,6355.192285714286,1018.3558819493936,44486.346000000005,4431.756118811019,48918.102118811024
2,feature_gbm,"HistGradientBoostingRegressor(learning_rate=0.1, max_iter=200, max_depth=3, min_samples_leaf=5, l2_regularization=1.0, early_stopping=False, random_state=0)",,,7,0.99,2.3263478740408408,6355.192285714286,1018.3558819493936,44486.346000000005,6267.917251926802,50754.26325192681
2,feature_gbm,"HistGradientBoostingRegressor(learning_rate=0.1, max_iter=200, max_depth=3, min_samples_leaf=5, l2_regularization=1.0, early_stopping=False, random_state=0)",,,14,0.9,1.2815515655446004,6355.192285714286,1018.3558819493936,88972.69200000001,4883.14566472546,93855.83766472546
2,feature_gbm,"HistGradientBoostingRegressor(learning_rate=0.1, max_iter=200, max_depth=3, min_samples_leaf=5, l2_regularization=1.0, early_stopping=False, random_state=0)",,,14,0.95,1.6448536269514722,6355.192285714286,1018.3558819493936,88972.69200000001,6267.449608352494,95240.14160835251
2,feature_gbm,"HistGradientBoostingRegressor(learning_rate=0.1, max_iter=200, max_depth=3, min_samples_leaf=5, l2_regularization=1.0, early_stopping=False, random_state=0)",,,14,0.99,2.3263478740408408,6355.192285714286,1018.3558819493936,88972.69200000001,8864.173585507182,97836.86558550718
2,feature_gbm,"HistGradientBoostingRegressor(learning_rate=0.1, max_iter=200, max_depth=3, min_samples_leaf=5, l2_regularization=1.0, early_stopping=False, random_state=0)",,,28,0.9,1.2815515655446004,6355.192285714286,1018.3558819493936,177945.38400000002,6905.810826098129,184851.19482609816
2,feature_gbm,"HistGradientBoostingRegressor(learning_rate=0.1, max_iter=200, max_depth=3, min_samples_leaf=5, l2_regularization=1.0, early_stopping=False, random_state=0)",,,28,0.95,1.6448536269514722,6355.192285714286,1018.3558819493936,177945.38400000002,8863.512237622039,186808.89623762207
2,feature_gbm,"HistGradientBoostingRegressor(learning_rate=0.1, max_iter=200, max_depth=3, min_samples_leaf=5, l2_regularization=1.0, early_stopping=False, random_state=0)",,,28,0.99,2.3263478740408408,6355.192285714286,1018.3558819493936,177945.38400000002,12535.834503853604,190481.21850385363
3,feature_gbm,"HistGradientBoostingRegressor(learning_rate=0.1, max_iter=200, max_depth=3, min_samples_leaf=5, l2_regularization=1.0, early_stopping=False, random_state=0)",,,7,0.9,1.2815515655446004,5832.890242481203,1617.8750216804015,40830.23169736842,5485.675016972839,46315.90671434126
3,feature_gbm,"HistGradientBoostingRegressor(learning_rate=0.1, max_iter=200, max_depth=3, min_samples_leaf=5, l2_regularization=1.0, early_stopping=False, random_state=0)",,,7,0.95,1.6448536269514722,5832.890242481203,1617.8750216804015,40830.23169736842,7040.787659691585,47871.01935706001
3,feature_gbm,"HistGradientBoostingRegressor(learning_rate=0.1, max_iter=200, max_depth=3, min_samples_leaf=5, l2_regularization=1.0, early_stopping=False, random_state=0)",,,7,0.99,2.3263478740408408,5832.890242481203,1617.8750216804015,40830.23169736842,9957.920349455959,50788.15204682438
3,feature_gbm,"HistGradientBoostingRegressor(learning_rate=0.1, max_iter=200, max_depth=3, min_samples_leaf=5, l2_regularization=1.0, early_stopping=False, random_state=0)",,,14,0.9,1.2815515655446004,5832.890242481203,1617.8750216804015,81660.46339473684,7757.916007774247,89418.37940251108
3,feature_gbm,"HistGradientBoostingRegressor(learning_rate=0.1, max_iter=200, max_depth=3, min_samples_leaf=5, l2_regularization=1.0, early_stopping=False, random_state=0)",,,14,0.95,1.6448536269514722,5832.890242481203,1617.8750216804015,81660.46339473684,9957.177398124963,91617.6407928618
3,feature_gbm,"HistGradientBoostingRegressor(learning_rate=0.1, max_iter=200, max_depth=3, min_samples_leaf=5, l2_regularization=1.0, early_stopping=False, random_state=0)",,,14,0.99,2.3263478740408408,5832.890242481203,1617.8750216804015,81660.46339473684,14082.626011231645,95743.0894059685
3,feature_gbm,"HistGradientBoostingRegressor(learning_rate=0.1, max_iter=200, max_depth=3, min_samples_leaf=5, l2_regularization=1.0, early_stopping=False, random_state=0)",,,28,0.9,1.2815515655446004,5832.890242481203,1617.8750216804015,163320.92678947368,10971.350033945679,174292.27682341935
3,feature_gbm,"HistGradientBoostingRegressor(learning_rate=0.1, max_iter=200, max_depth=3, min_samples_leaf=5, l2_regularization=1.0, early_stopping=False, random_state=0)",,,28,0.95,1.6448536269514722,5832.890242481203,1617.8750216804015,163320.92678947368,14081.57531938317,177402.50210885686
3,feature_gbm,"HistGradientBoostingRegressor(learning_rate=0.1, max_iter=200, max_depth=3, min_samples_leaf=5, l2_regularization=1.0, early_stopping=False, random_state=0)",,,28,0.99,2.3263478740408408,5832.890242481203,1617.8750216804015,163320.92678947368,19915.840698911918,183236.7674883856
4,seasonal_naive,season_length=7,7.0,,7,0.9,1.2815515655446004,29132.823483333334,11073.336035740247,203929.76438333333,37545.99213894346,241475.7565222768
4,seasonal_naive,season_length=7,7.0,,7,0.95,1.6448536269514722,29132.823483333334,11073.336035740247,203929.76438333333,48189.75920097952,252119.52358431285
4,seasonal_naive,season_length=7,7.0,,7,0.99,2.3263478740408408,29132.823483333334,11073.336035740247,203929.76438333333,68155.69606367547,272085.4604470088
4,seasonal_naive,season_length=7,7.0,,14,0.9,1.2815515655446004,29132.823483333334,11073.336035740247,407859.52876666666,53098.05129564745,460957.5800623141
4,seasonal_naive,season_length=7,7.0,,14,0.95,1.6448536269514722,29132.823483333334,11073.336035740247,407859.52876666666,68150.61102951887,476010.13979618554
4,seasonal_naive,season_length=7,7.0,,14,0.99,2.3263478740408408,29132.823483333334,11073.336035740247,407859.52876666666,96386.7097262284,504246.23849289503
4,seasonal_naive,season_length=7,7.0,,28,0.9,1.2815515655446004,29132.823483333334,11073.336035740247,815719.0575333333,75091.98427788692,890811.0418112202
4,seasonal_naive,season_length=7,7.0,,28,0.95,1.6448536269514722,29132.823483333334,11073.336035740247,815719.0575333333,96379.51840195904,912098.5759352923
4,seasonal_naive,season_length=7,7.0,,28,0.99,2.3263478740408408,29132.823483333334,11073.336035740247,815719.0575333333,136311.39212735093,952030.4496606842
